<?xml version="1.0" encoding="UTF-8" standalone="yes"?>
<addon id="plugin.audio.historicly" name="Historic.ly" version="1.0.0" provider-name="leopheard">
  <requires>
    <import addon="xbmc.python" version="2.26.0"/>
    <import addon="script.module.xbmcswift2" version="2.4.0"/>
    <import addon="script.module.beautifulsoup4" version="4.3.1"/>
    <import addon="script.module.requests" version="1.1.0"/>
    <import addon="script.module.routing" version="0.2.0"/>
  </requires>
  <extension point="xbmc.python.pluginsource" library="addon.py">
    <provides>audio</provides>
  </extension>
  <extension point="xbmc.addon.metadata">
    <platform>all</platform>
    <language>en_us</language>
    <summary lang="en">Historic.ly</summary>
    <description lang="en">Historic.ly: a show where we decolonize history and debunk myths taught in school</description>
    <license>The MIT License (MIT)</license>
    <forum></forum>
    <email>leopheard@gmail.com</email>
    <source>https://github.com/leopheard/Historicly</source>
    <website>https://podcasts.apple.com/us/podcast/historicly/id1435086194</website>
        	<assets>
			<icon>resources/media/icon.jpg</icon>
			<fanart>resources/media/fanart.jpg</fanart>
			<screenshot>resources/media/1.jpg</screenshot>
			<screenshot>resources/media/icon.jpg</screenshot>
			<screenshot>resources/media/1.jpg</screenshot>
		</assets>
  </extension>
</addon>
